-- ============================================================
-- 데모 시드 데이터 (5개 테이블) — 다른 환경에서 재현용
-- 사용법(SQL Developer/sqlplus): db/schema.sql 실행 후 이 파일을 실행
--   ※ 사진(BLOB pic1~3)은 시드에 없음(NULL). identity 컬럼(roomNo/seqNo)은
--      명시값 삽입을 위해 일시적으로 GENERATED BY DEFAULT 로 바꾼다.
-- ============================================================
SET DEFINE OFF;
ALTER TABLE chatroom MODIFY (roomNo GENERATED BY DEFAULT AS IDENTITY);
ALTER TABLE message  MODIFY (seqNo  GENERATED BY DEFAULT AS IDENTITY);
DELETE FROM message;
DELETE FROM chatroom;
DELETE FROM purchasereq;
DELETE FROM item;
DELETE FROM customer;

-- customer (11)
INSERT INTO customer (cno, passwd, nickname, phone, region) VALUES ('c0', 'admin1234', 'Administrator', NULL, NULL);
INSERT INTO customer (cno, passwd, nickname, phone, region) VALUES ('c1', 'pw1234', '얼리버드', '010-1111-1111', '서울 강남구');
INSERT INTO customer (cno, passwd, nickname, phone, region) VALUES ('c10', 'pw1234', '미니멀러', '010-1010-1010', '경기 고양시');
INSERT INTO customer (cno, passwd, nickname, phone, region) VALUES ('c2', 'pw1234', '책벌레', '010-2222-2222', '서울 마포구');
INSERT INTO customer (cno, passwd, nickname, phone, region) VALUES ('c3', 'pw1234', '운동러버', '010-3333-3333', '경기 성남시');
INSERT INTO customer (cno, passwd, nickname, phone, region) VALUES ('c4', 'pw1234', '심플리스트', '010-4444-4444', '서울 송파구');
INSERT INTO customer (cno, passwd, nickname, phone, region) VALUES ('c5', 'pw1234', '집순이', '010-5555-5555', '서울 종로구');
INSERT INTO customer (cno, passwd, nickname, phone, region) VALUES ('c6', 'pw1234', '게임러', '010-6666-6666', '경기 수원시');
INSERT INTO customer (cno, passwd, nickname, phone, region) VALUES ('c7', 'pw1234', '여행가', '010-7777-7777', '인천 부평구');
INSERT INTO customer (cno, passwd, nickname, phone, region) VALUES ('c8', 'pw1234', '디자이너', '010-8888-8888', '서울 용산구');
INSERT INTO customer (cno, passwd, nickname, phone, region) VALUES ('c9', 'pw1234', '커피홀릭', '010-9999-9999', '서울 영등포구');

-- item (37)
INSERT INTO item (cno, itemNo, title, description, category, price, tradePlace, regDateTime, resDateTime, sellStatus, finalPrice) VALUES ('c1', 1, '아이폰 14 Pro 256GB', '딥퍼플 색상, 1년 사용, 생활기스 약간', '디지털기기', 1100000, '강남역 2번 출구', TO_TIMESTAMP('2026-04-25 14:30:00', 'YYYY-MM-DD HH24:MI:SS'), NULL, '판매 중', NULL);
INSERT INTO item (cno, itemNo, title, description, category, price, tradePlace, regDateTime, resDateTime, sellStatus, finalPrice) VALUES ('c1', 2, '에어팟 프로 2세대', '풀박스, 6개월 사용', '디지털기기', 250000, '잠실역 8번 출구', TO_TIMESTAMP('2026-04-15 11:00:00', 'YYYY-MM-DD HH24:MI:SS'), TO_TIMESTAMP('2026-04-22 19:00:00', 'YYYY-MM-DD HH24:MI:SS'), '거래 완료', 240000);
INSERT INTO item (cno, itemNo, title, description, category, price, tradePlace, regDateTime, resDateTime, sellStatus, finalPrice) VALUES ('c1', 3, 'iPad 10세대 64GB', '케이스 포함, 액정 보호필름 부착', '디지털기기', 450000, '강남역 11번 출구', TO_TIMESTAMP('2026-04-20 09:00:00', 'YYYY-MM-DD HH24:MI:SS'), TO_TIMESTAMP('2026-06-19 23:58:39', 'YYYY-MM-DD HH24:MI:SS'), '예약 중', NULL);
INSERT INTO item (cno, itemNo, title, description, category, price, tradePlace, regDateTime, resDateTime, sellStatus, finalPrice) VALUES ('c1', 4, 'Sony WH-1000XM4 헤드폰', '노이즈캔슬링, 정품 박스', '디지털기기', 250000, '강남역 4번 출구', TO_TIMESTAMP('2026-03-10 14:00:00', 'YYYY-MM-DD HH24:MI:SS'), TO_TIMESTAMP('2026-03-12 19:00:00', 'YYYY-MM-DD HH24:MI:SS'), '거래 완료', 240000);
INSERT INTO item (cno, itemNo, title, description, category, price, tradePlace, regDateTime, resDateTime, sellStatus, finalPrice) VALUES ('c1', 5, '소설 노르웨이의 숲', '하루키 작품, 깨끗함', '도서', 12000, '강남역 6번 출구', TO_TIMESTAMP('2026-03-15 10:00:00', 'YYYY-MM-DD HH24:MI:SS'), TO_TIMESTAMP('2026-03-17 18:00:00', 'YYYY-MM-DD HH24:MI:SS'), '거래 완료', 10000);
INSERT INTO item (cno, itemNo, title, description, category, price, tradePlace, regDateTime, resDateTime, sellStatus, finalPrice) VALUES ('c10', 1, '다육식물 화분 세트 5개', '직접 키운 건강한 식물', '기타', 15000, '일산 마두역', TO_TIMESTAMP('2026-04-29 08:00:00', 'YYYY-MM-DD HH24:MI:SS'), NULL, '판매 중', NULL);
INSERT INTO item (cno, itemNo, title, description, category, price, tradePlace, regDateTime, resDateTime, sellStatus, finalPrice) VALUES ('c10', 2, '원목 책상 120cm', '미송 원목, 다리 분리형', '가구', 110000, '일산 대화역', TO_TIMESTAMP('2026-04-12 10:00:00', 'YYYY-MM-DD HH24:MI:SS'), TO_TIMESTAMP('2026-04-15 13:00:00', 'YYYY-MM-DD HH24:MI:SS'), '거래 완료', 100000);
INSERT INTO item (cno, itemNo, title, description, category, price, tradePlace, regDateTime, resDateTime, sellStatus, finalPrice) VALUES ('c2', 1, '맥북 프로 M2 13인치', '스페이스그레이, 사이클 80회', '디지털기기', 1600000, '홍대입구역 9번 출구', TO_TIMESTAMP('2026-04-26 10:00:00', 'YYYY-MM-DD HH24:MI:SS'), NULL, '판매 중', NULL);
INSERT INTO item (cno, itemNo, title, description, category, price, tradePlace, regDateTime, resDateTime, sellStatus, finalPrice) VALUES ('c2', 2, '자료구조 전공 교재', '필기 거의 없음, 형광펜 약간', '도서', 25000, '신촌역 3번 출구', TO_TIMESTAMP('2026-04-28 16:20:00', 'YYYY-MM-DD HH24:MI:SS'), NULL, '판매 중', NULL);
INSERT INTO item (cno, itemNo, title, description, category, price, tradePlace, regDateTime, resDateTime, sellStatus, finalPrice) VALUES ('c2', 3, '토익 RC 1000제', '미사용 새책 수준', '도서', 12000, '합정역 8번 출구', TO_TIMESTAMP('2026-04-10 13:00:00', 'YYYY-MM-DD HH24:MI:SS'), TO_TIMESTAMP('2026-04-17 10:00:00', 'YYYY-MM-DD HH24:MI:SS'), '거래 완료', 10000);
INSERT INTO item (cno, itemNo, title, description, category, price, tradePlace, regDateTime, resDateTime, sellStatus, finalPrice) VALUES ('c2', 4, '갤럭시 탭 S8', '128GB, 그라파이트', '디지털기기', 480000, '홍대입구 3번 출구', TO_TIMESTAMP('2026-03-20 13:00:00', 'YYYY-MM-DD HH24:MI:SS'), TO_TIMESTAMP('2026-03-22 16:00:00', 'YYYY-MM-DD HH24:MI:SS'), '거래 완료', 460000);
INSERT INTO item (cno, itemNo, title, description, category, price, tradePlace, regDateTime, resDateTime, sellStatus, finalPrice) VALUES ('c2', 5, 'BTS 굿즈 세트', '미개봉 포토카드 다수', '기타', 60000, '합정역 2번 출구', TO_TIMESTAMP('2026-03-25 15:00:00', 'YYYY-MM-DD HH24:MI:SS'), TO_TIMESTAMP('2026-03-27 18:30:00', 'YYYY-MM-DD HH24:MI:SS'), '거래 완료', 55000);
INSERT INTO item (cno, itemNo, title, description, category, price, tradePlace, regDateTime, resDateTime, sellStatus, finalPrice) VALUES ('c3', 1, '나이키 에어줌 페가수스 270mm', '3개월 착용, 깨끗함', '스포츠', 90000, '분당 서현역', TO_TIMESTAMP('2026-04-22 08:30:00', 'YYYY-MM-DD HH24:MI:SS'), NULL, '판매 중', NULL);
INSERT INTO item (cno, itemNo, title, description, category, price, tradePlace, regDateTime, resDateTime, sellStatus, finalPrice) VALUES ('c3', 2, '요가매트 6mm 두께', '한 달 사용, 가방 포함', '스포츠', 25000, '판교역 1번 출구', TO_TIMESTAMP('2026-04-29 19:00:00', 'YYYY-MM-DD HH24:MI:SS'), NULL, '판매 중', NULL);
INSERT INTO item (cno, itemNo, title, description, category, price, tradePlace, regDateTime, resDateTime, sellStatus, finalPrice) VALUES ('c3', 3, '운동 매트 두꺼운 것', 'NBR 두께 10mm', '스포츠', 35000, '분당 정자역', TO_TIMESTAMP('2026-03-12 16:00:00', 'YYYY-MM-DD HH24:MI:SS'), TO_TIMESTAMP('2026-03-15 11:00:00', 'YYYY-MM-DD HH24:MI:SS'), '거래 완료', 30000);
INSERT INTO item (cno, itemNo, title, description, category, price, tradePlace, regDateTime, resDateTime, sellStatus, finalPrice) VALUES ('c3', 4, '아이폰 14 128GB', '미드나이트, 케이스 포함', '디지털기기', 750000, '판교역 2번 출구', TO_TIMESTAMP('2026-03-25 09:00:00', 'YYYY-MM-DD HH24:MI:SS'), TO_TIMESTAMP('2026-03-27 16:00:00', 'YYYY-MM-DD HH24:MI:SS'), '거래 완료', 720000);
INSERT INTO item (cno, itemNo, title, description, category, price, tradePlace, regDateTime, resDateTime, sellStatus, finalPrice) VALUES ('c4', 1, '이케아 베르스코 책상', '120x60, 다리 분리 가능', '가구', 80000, '잠실 새내역', TO_TIMESTAMP('2026-04-23 15:00:00', 'YYYY-MM-DD HH24:MI:SS'), NULL, '판매 중', NULL);
INSERT INTO item (cno, itemNo, title, description, category, price, tradePlace, regDateTime, resDateTime, sellStatus, finalPrice) VALUES ('c4', 2, '시디즈 사무용 의자', 'T50 모델, 1년 사용', '가구', 150000, '송파역 2번 출구', TO_TIMESTAMP('2026-04-18 12:00:00', 'YYYY-MM-DD HH24:MI:SS'), TO_TIMESTAMP('2026-06-19 23:58:39', 'YYYY-MM-DD HH24:MI:SS'), '예약 중', NULL);
INSERT INTO item (cno, itemNo, title, description, category, price, tradePlace, regDateTime, resDateTime, sellStatus, finalPrice) VALUES ('c4', 3, '6인용 원목 식탁', '소나무 원목, 의자 미포함', '가구', 200000, '잠실 새내역', TO_TIMESTAMP('2026-04-02 11:00:00', 'YYYY-MM-DD HH24:MI:SS'), TO_TIMESTAMP('2026-04-05 14:00:00', 'YYYY-MM-DD HH24:MI:SS'), '거래 완료', 180000);
INSERT INTO item (cno, itemNo, title, description, category, price, tradePlace, regDateTime, resDateTime, sellStatus, finalPrice) VALUES ('c5', 1, 'BTS 콘서트 티켓 2매', '5월 25일 잠실 공연, R석 연석', '티켓', 350000, '잠실종합운동장', TO_TIMESTAMP('2026-04-30 21:00:00', 'YYYY-MM-DD HH24:MI:SS'), NULL, '판매 중', NULL);
INSERT INTO item (cno, itemNo, title, description, category, price, tradePlace, regDateTime, resDateTime, sellStatus, finalPrice) VALUES ('c5', 2, '두산 vs 키움 야구 티켓', '4월 20일 경기, 1루 응원석', '티켓', 30000, '잠실야구장', TO_TIMESTAMP('2026-04-12 10:00:00', 'YYYY-MM-DD HH24:MI:SS'), TO_TIMESTAMP('2026-04-15 18:00:00', 'YYYY-MM-DD HH24:MI:SS'), '거래 완료', 28000);
INSERT INTO item (cno, itemNo, title, description, category, price, tradePlace, regDateTime, resDateTime, sellStatus, finalPrice) VALUES ('c5', 3, '캠핑용 텐트 4인용', '코베아 정품, 5회 사용', '스포츠', 130000, '광화문역', TO_TIMESTAMP('2026-04-08 09:00:00', 'YYYY-MM-DD HH24:MI:SS'), TO_TIMESTAMP('2026-04-10 17:00:00', 'YYYY-MM-DD HH24:MI:SS'), '거래 완료', 120000);
INSERT INTO item (cno, itemNo, title, description, category, price, tradePlace, regDateTime, resDateTime, sellStatus, finalPrice) VALUES ('c5', 4, '뮤지컬 시카고 R석 2매', '5월 둘째주 공연 양도', '티켓', 240000, '대학로 아르코극장', TO_TIMESTAMP('2026-04-15 18:00:00', 'YYYY-MM-DD HH24:MI:SS'), TO_TIMESTAMP('2026-04-17 20:00:00', 'YYYY-MM-DD HH24:MI:SS'), '거래 완료', 230000);
INSERT INTO item (cno, itemNo, title, description, category, price, tradePlace, regDateTime, resDateTime, sellStatus, finalPrice) VALUES ('c6', 1, '닌텐도 스위치 OLED', '화이트, 동숨3 동봉', '디지털기기', 320000, '수원역 4번 출구', TO_TIMESTAMP('2026-04-26 13:45:00', 'YYYY-MM-DD HH24:MI:SS'), NULL, '판매 중', NULL);
INSERT INTO item (cno, itemNo, title, description, category, price, tradePlace, regDateTime, resDateTime, sellStatus, finalPrice) VALUES ('c6', 2, '윌슨 테니스 라켓', '클래시 100, 그립 새로 감음', '스포츠', 80000, '수원시청역', TO_TIMESTAMP('2026-04-29 17:00:00', 'YYYY-MM-DD HH24:MI:SS'), NULL, '판매 중', NULL);
INSERT INTO item (cno, itemNo, title, description, category, price, tradePlace, regDateTime, resDateTime, sellStatus, finalPrice) VALUES ('c6', 3, '배드민턴 라켓 2개', '요넥스 입문용', '스포츠', 60000, '수원 영통역', TO_TIMESTAMP('2026-04-05 14:00:00', 'YYYY-MM-DD HH24:MI:SS'), TO_TIMESTAMP('2026-04-08 17:00:00', 'YYYY-MM-DD HH24:MI:SS'), '거래 완료', 55000);
INSERT INTO item (cno, itemNo, title, description, category, price, tradePlace, regDateTime, resDateTime, sellStatus, finalPrice) VALUES ('c7', 1, '해리포터 한정판 전권 세트', '하드커버, 박스 포함', '도서', 100000, '부평역 1번 출구', TO_TIMESTAMP('2026-04-24 11:30:00', 'YYYY-MM-DD HH24:MI:SS'), NULL, '판매 중', NULL);
INSERT INTO item (cno, itemNo, title, description, category, price, tradePlace, regDateTime, resDateTime, sellStatus, finalPrice) VALUES ('c7', 2, '원목 5단 책장', '폭 80cm, 직접 픽업만 가능', '가구', 70000, '부평역 6번 출구', TO_TIMESTAMP('2026-04-27 09:00:00', 'YYYY-MM-DD HH24:MI:SS'), NULL, '판매 중', NULL);
INSERT INTO item (cno, itemNo, title, description, category, price, tradePlace, regDateTime, resDateTime, sellStatus, finalPrice) VALUES ('c7', 3, '클래식 LP 컬렉션 20장', '베토벤·모차르트 등', '기타', 80000, '부평역 8번 출구', TO_TIMESTAMP('2026-04-18 11:00:00', 'YYYY-MM-DD HH24:MI:SS'), TO_TIMESTAMP('2026-04-20 14:00:00', 'YYYY-MM-DD HH24:MI:SS'), '거래 완료', 70000);
INSERT INTO item (cno, itemNo, title, description, category, price, tradePlace, regDateTime, resDateTime, sellStatus, finalPrice) VALUES ('c7', 4, '앤틱 거울 1920년대', '유럽 빈티지', '가구', 90000, '부평구청역', TO_TIMESTAMP('2026-04-25 13:00:00', 'YYYY-MM-DD HH24:MI:SS'), TO_TIMESTAMP('2026-04-28 16:00:00', 'YYYY-MM-DD HH24:MI:SS'), '거래 완료', 85000);
INSERT INTO item (cno, itemNo, title, description, category, price, tradePlace, regDateTime, resDateTime, sellStatus, finalPrice) VALUES ('c8', 1, '뮤지컬 라이온킹 R석', '5월 18일 저녁 공연, 1매', '티켓', 180000, '충무아트센터', TO_TIMESTAMP('2026-04-30 12:00:00', 'YYYY-MM-DD HH24:MI:SS'), NULL, '판매 중', NULL);
INSERT INTO item (cno, itemNo, title, description, category, price, tradePlace, regDateTime, resDateTime, sellStatus, finalPrice) VALUES ('c8', 2, '디자인 원리 (도널드 노먼)', '밑줄 없음, 미니 메모만 약간', '도서', 18000, '용산역 1번 출구', TO_TIMESTAMP('2026-04-21 18:00:00', 'YYYY-MM-DD HH24:MI:SS'), NULL, '판매 중', NULL);
INSERT INTO item (cno, itemNo, title, description, category, price, tradePlace, regDateTime, resDateTime, sellStatus, finalPrice) VALUES ('c8', 3, '아이폰 13 미니 256GB', '핑크, 배터리 95%', '디지털기기', 550000, '용산역 3번 출구', TO_TIMESTAMP('2026-04-20 14:00:00', 'YYYY-MM-DD HH24:MI:SS'), TO_TIMESTAMP('2026-04-22 18:00:00', 'YYYY-MM-DD HH24:MI:SS'), '거래 완료', 520000);
INSERT INTO item (cno, itemNo, title, description, category, price, tradePlace, regDateTime, resDateTime, sellStatus, finalPrice) VALUES ('c9', 1, '코만단테 C40 그라인더', '6개월 사용, 풀박스', '기타', 250000, '영등포역 5번 출구', TO_TIMESTAMP('2026-04-19 10:30:00', 'YYYY-MM-DD HH24:MI:SS'), NULL, '판매 중', NULL);
INSERT INTO item (cno, itemNo, title, description, category, price, tradePlace, regDateTime, resDateTime, sellStatus, finalPrice) VALUES ('c9', 2, '브레빌 에스프레소 머신', '바리스타 익스프레스, 부속품 풀세트', '기타', 400000, '여의도역 4번 출구', TO_TIMESTAMP('2026-04-17 14:00:00', 'YYYY-MM-DD HH24:MI:SS'), TO_TIMESTAMP('2026-06-19 23:58:39', 'YYYY-MM-DD HH24:MI:SS'), '예약 중', NULL);
INSERT INTO item (cno, itemNo, title, description, category, price, tradePlace, regDateTime, resDateTime, sellStatus, finalPrice) VALUES ('c9', 3, 'PS5 디스크 에디션', '풀박스, 컨트롤러 1개', '디지털기기', 450000, '여의도역 5번 출구', TO_TIMESTAMP('2026-04-25 10:30:00', 'YYYY-MM-DD HH24:MI:SS'), TO_TIMESTAMP('2026-04-27 19:00:00', 'YYYY-MM-DD HH24:MI:SS'), '거래 완료', 430000);
INSERT INTO item (cno, itemNo, title, description, category, price, tradePlace, regDateTime, resDateTime, sellStatus, finalPrice) VALUES ('c9', 4, '드립 커피 세트', '드리퍼+케틀+저울', '기타', 45000, '영등포역 1번 출구', TO_TIMESTAMP('2026-04-28 12:00:00', 'YYYY-MM-DD HH24:MI:SS'), TO_TIMESTAMP('2026-04-30 15:30:00', 'YYYY-MM-DD HH24:MI:SS'), '거래 완료', 40000);

-- purchasereq (11)
INSERT INTO purchasereq (requestCno, cno, itemNo, reqDateTime, reqPrice, reqMessage) VALUES ('c3', 'c1', 1, TO_TIMESTAMP('2026-04-27 10:00:00', 'YYYY-MM-DD HH24:MI:SS'), 980000, '직거래 가능할까요? 강남역 가능합니다.');
INSERT INTO purchasereq (requestCno, cno, itemNo, reqDateTime, reqPrice, reqMessage) VALUES ('c4', 'c1', 1, TO_TIMESTAMP('2026-04-28 11:30:00', 'YYYY-MM-DD HH24:MI:SS'), 950000, '오늘 바로 거래 원합니다.');
INSERT INTO purchasereq (requestCno, cno, itemNo, reqDateTime, reqPrice, reqMessage) VALUES ('c5', 'c1', 1, TO_TIMESTAMP('2026-04-29 09:15:00', 'YYYY-MM-DD HH24:MI:SS'), 1000000, '정가에 구매하겠습니다, 연락 부탁드립니다.');
INSERT INTO purchasereq (requestCno, cno, itemNo, reqDateTime, reqPrice, reqMessage) VALUES ('c5', 'c1', 3, TO_TIMESTAMP('2026-06-16 18:56:15', 'YYYY-MM-DD HH24:MI:SS'), 430000, '아이패드 예약하고 싶어요');
INSERT INTO purchasereq (requestCno, cno, itemNo, reqDateTime, reqPrice, reqMessage) VALUES ('c5', 'c2', 1, TO_TIMESTAMP('2026-04-28 13:00:00', 'YYYY-MM-DD HH24:MI:SS'), 1500000, '상태 좋다면 구매할게요.');
INSERT INTO purchasereq (requestCno, cno, itemNo, reqDateTime, reqPrice, reqMessage) VALUES ('c6', 'c2', 1, TO_TIMESTAMP('2026-04-29 17:45:00', 'YYYY-MM-DD HH24:MI:SS'), 1450000, '직거래 가능한가요?');
INSERT INTO purchasereq (requestCno, cno, itemNo, reqDateTime, reqPrice, reqMessage) VALUES ('c7', 'c2', 1, TO_TIMESTAMP('2026-04-30 09:30:00', 'YYYY-MM-DD HH24:MI:SS'), 1480000, '오늘 거래 가능합니다.');
INSERT INTO purchasereq (requestCno, cno, itemNo, reqDateTime, reqPrice, reqMessage) VALUES ('c8', 'c3', 1, TO_TIMESTAMP('2026-04-25 12:00:00', 'YYYY-MM-DD HH24:MI:SS'), 85000, '운동화 사이즈 맞나요?');
INSERT INTO purchasereq (requestCno, cno, itemNo, reqDateTime, reqPrice, reqMessage) VALUES ('c9', 'c4', 1, TO_TIMESTAMP('2026-04-26 18:00:00', 'YYYY-MM-DD HH24:MI:SS'), 75000, '책상 상태 양호한가요?');
INSERT INTO purchasereq (requestCno, cno, itemNo, reqDateTime, reqPrice, reqMessage) VALUES ('c6', 'c4', 2, TO_TIMESTAMP('2026-06-16 18:56:15', 'YYYY-MM-DD HH24:MI:SS'), 145000, '의자 예약할게요');
INSERT INTO purchasereq (requestCno, cno, itemNo, reqDateTime, reqPrice, reqMessage) VALUES ('c7', 'c9', 2, TO_TIMESTAMP('2026-06-16 18:56:15', 'YYYY-MM-DD HH24:MI:SS'), 240000, '그라인더 예약합니다');

-- chatroom (3)
INSERT INTO chatroom (roomNo, receiveCno, createDateTime, cno, itemNo) VALUES (1, 'c3', TO_TIMESTAMP('2026-04-27 10:30:00', 'YYYY-MM-DD HH24:MI:SS'), 'c1', 1);
INSERT INTO chatroom (roomNo, receiveCno, createDateTime, cno, itemNo) VALUES (2, 'c4', TO_TIMESTAMP('2026-04-28 12:00:00', 'YYYY-MM-DD HH24:MI:SS'), 'c1', 1);
INSERT INTO chatroom (roomNo, receiveCno, createDateTime, cno, itemNo) VALUES (3, 'c5', TO_TIMESTAMP('2026-04-28 13:30:00', 'YYYY-MM-DD HH24:MI:SS'), 'c2', 1);

-- message (10)
INSERT INTO message (roomNo, seqNo, sender, sentDateTime, content, isRead) VALUES (1, 1, 'B', TO_TIMESTAMP('2026-04-27 10:35:00', 'YYYY-MM-DD HH24:MI:SS'), '안녕하세요, 아이폰 14 Pro 직거래 가능할까요?', 'Y');
INSERT INTO message (roomNo, seqNo, sender, sentDateTime, content, isRead) VALUES (1, 2, 'S', TO_TIMESTAMP('2026-04-27 10:40:00', 'YYYY-MM-DD HH24:MI:SS'), '네 가능합니다. 지역이 어디세요?', 'Y');
INSERT INTO message (roomNo, seqNo, sender, sentDateTime, content, isRead) VALUES (1, 3, 'B', TO_TIMESTAMP('2026-04-27 11:00:00', 'YYYY-MM-DD HH24:MI:SS'), '강남역 근처에서 만나뵐 수 있을까요?', 'Y');
INSERT INTO message (roomNo, seqNo, sender, sentDateTime, content, isRead) VALUES (1, 4, 'S', TO_TIMESTAMP('2026-04-27 11:15:00', 'YYYY-MM-DD HH24:MI:SS'), '오늘 저녁 7시 강남역 2번 출구 어떠세요?', 'N');
INSERT INTO message (roomNo, seqNo, sender, sentDateTime, content, isRead) VALUES (2, 5, 'B', TO_TIMESTAMP('2026-04-28 12:05:00', 'YYYY-MM-DD HH24:MI:SS'), '가격 조금 더 깎아주실 수 있나요?', 'Y');
INSERT INTO message (roomNo, seqNo, sender, sentDateTime, content, isRead) VALUES (2, 6, 'S', TO_TIMESTAMP('2026-04-28 12:30:00', 'YYYY-MM-DD HH24:MI:SS'), '시세보다 이미 저렴합니다. 95만원이 한계예요.', 'Y');
INSERT INTO message (roomNo, seqNo, sender, sentDateTime, content, isRead) VALUES (2, 7, 'B', TO_TIMESTAMP('2026-04-28 14:00:00', 'YYYY-MM-DD HH24:MI:SS'), '알겠습니다. 다시 연락드릴게요.', 'N');
INSERT INTO message (roomNo, seqNo, sender, sentDateTime, content, isRead) VALUES (3, 8, 'B', TO_TIMESTAMP('2026-04-28 13:35:00', 'YYYY-MM-DD HH24:MI:SS'), '맥북 배터리 수명 어느 정도인가요?', 'Y');
INSERT INTO message (roomNo, seqNo, sender, sentDateTime, content, isRead) VALUES (3, 9, 'S', TO_TIMESTAMP('2026-04-28 14:20:00', 'YYYY-MM-DD HH24:MI:SS'), '사이클 80회 정도, 95% 컨디션입니다.', 'Y');
INSERT INTO message (roomNo, seqNo, sender, sentDateTime, content, isRead) VALUES (3, 10, 'B', TO_TIMESTAMP('2026-04-28 15:00:00', 'YYYY-MM-DD HH24:MI:SS'), '좋네요. 내일 거래 진행 가능할까요?', 'N');

COMMIT;
